{
    "foreground_intensity_properties_per_channel": {
        "0": {
            "max": 1359.010986328125,
            "mean": 163.27227783203125,
            "median": 141.98985290527344,
            "min": -22.987985610961914,
            "percentile_00_5": 65.01410675048828,
            "percentile_99_5": 458.95916748046875,
            "std": 75.20362091064453
        }
    },
    "median_relative_size_after_cropping": 1.0,
    "shapes_after_crop": [
        [
            243,
            327,
            284
        ],
        [
            203,
            347,
            289
        ],
        [
            182,
            313,
            281
        ],
        [
            224,
            431,
            351
        ],
        [
            184,
            417,
            332
        ],
        [
            216,
            369,
            286
        ],
        [
            208,
            321,
            258
        ],
        [
            204,
            338,
            270
        ],
        [
            196,
            386,
            295
        ],
        [
            295,
            334,
            269
        ],
        [
            311,
            371,
            266
        ],
        [
            168,
            433,
            326
        ],
        [
            211,
            328,
            247
        ],
        [
            203,
            390,
            316
        ],
        [
            182,
            365,
            306
        ],
        [
            527,
            430,
            319
        ],
        [
            202,
            379,
            286
        ],
        [
            200,
            387,
            290
        ],
        [
            205,
            345,
            275
        ],
        [
            224,
            351,
            287
        ],
        [
            204,
            396,
            338
        ],
        [
            223,
            366,
            300
        ],
        [
            206,
            340,
            271
        ],
        [
            214,
            316,
            274
        ],
        [
            212,
            360,
            275
        ]
    ],
    "spacings": [
        [
            0.625,
            0.5078129768371582,
            0.5078129768371582
        ],
        [
            0.699951171875,
            0.45703125,
            0.45703125
        ],
        [
            0.75,
            0.50390625,
            0.50390625
        ],
        [
            0.70001220703125,
            0.40625,
            0.40625
        ],
        [
            0.75,
            0.3984375,
            0.3984375
        ],
        [
            0.75,
            0.484375,
            0.484375
        ],
        [
            0.75,
            0.544921875,
            0.544921875
        ],
        [
            0.75,
            0.50390625,
            0.50390625
        ],
        [
            0.75,
            0.431640625,
            0.431640625
        ],
        [
            0.5,
            0.498046875,
            0.498046875
        ],
        [
            0.5,
            0.498046875,
            0.498046875
        ],
        [
            0.7000007629394531,
            0.40234375,
            0.40234375
        ],
        [
            0.75,
            0.552734375,
            0.552734375
        ],
        [
            0.75,
            0.431640625,
            0.431640625
        ],
        [
            0.75,
            0.431640625,
            0.431640625
        ],
        [
            0.29998779296875,
            0.4375,
            0.4375
        ],
        [
            0.75,
            0.482421875,
            0.482421875
        ],
        [
            0.75,
            0.4609375,
            0.4609375
        ],
        [
            0.70001220703125,
            0.4921875,
            0.4921875
        ],
        [
            0.70001220703125,
            0.486328125,
            0.486328125
        ],
        [
            0.70001220703125,
            0.419921875,
            0.419921875
        ],
        [
            0.699951171875,
            0.451171875,
            0.451171875
        ],
        [
            0.70001220703125,
            0.48828125,
            0.48828125
        ],
        [
            0.70001220703125,
            0.482421875,
            0.482421875
        ],
        [
            0.70001220703125,
            0.486328125,
            0.486328125
        ]
    ]
}