{
  "checkpoint": "5_HierarchicalSeg/checkpoints/stage2_level1_v1/swinunetr_level1_best_fold_1.pth",
  "checkpoint_epoch": 97,
  "fold": "fold_1",
  "split": "val",
  "collection": "HierarchicalPatients3D_Level1_CTA41",
  "num_patients": 4,
  "class_names": {
    "0": "BG",
    "1": "CoW",
    "2": "Ant/Mid",
    "3": "Post",
    "4": "Vein"
  },
  "per_patient": [
    {
      "dice_class_0": 0.999338748614026,
      "iou_class_0": 0.9986783711569569,
      "recall_class_0": 0.9992790256710853,
      "precision_class_0": 0.9993984786962008,
      "dice_class_1": 0.7798165140139719,
      "iou_class_1": 0.63909774503929,
      "recall_class_1": 0.7852194000341354,
      "precision_class_1": 0.7744874720398919,
      "dice_class_2": 0.6463654227442382,
      "iou_class_2": 0.4775036292053648,
      "recall_class_2": 0.650197629149807,
      "precision_class_2": 0.6425781256980896,
      "dice_class_3": 0.7904695166149478,
      "iou_class_3": 0.6535341834837379,
      "recall_class_3": 0.835555555799177,
      "precision_class_3": 0.7500000003324468,
      "dice_class_4": 0.745950554242988,
      "iou_class_4": 0.5948334469103783,
      "recall_class_4": 0.7575757577856487,
      "precision_class_4": 0.7346767424561907,
      "mean_dice_fg": 0.7406505019040366,
      "mean_iou_fg": 0.5912422511596928,
      "mean_recall_fg": 0.757137085692192,
      "mean_precision_fg": 0.7254355851316547,
      "combined_score": 0.6659463765318647,
      "num_active_classes": 4,
      "patient_id": "008"
    },
    {
      "dice_class_0": 0.9990994545554548,
      "iou_class_0": 0.9982005296157674,
      "recall_class_0": 0.9989050197909316,
      "precision_class_0": 0.9992939650273523,
      "dice_class_1": 0.7749796914906745,
      "iou_class_1": 0.6326259951821936,
      "recall_class_1": 0.7781402939997711,
      "precision_class_1": 0.7718446605633581,
      "dice_class_2": 0.7217254078265516,
      "iou_class_2": 0.5646090538562888,
      "recall_class_2": 0.7768969424950205,
      "precision_class_2": 0.6738703343085753,
      "dice_class_3": 0.7492650148050127,
      "iou_class_3": 0.5990597719280994,
      "recall_class_3": 0.7246141350734246,
      "precision_class_3": 0.7756521741081285,
      "dice_class_4": 0.19005848071628878,
      "iou_class_4": 0.1050080789902939,
      "recall_class_4": 0.3869047655541383,
      "precision_class_4": 0.12596899394192054,
      "mean_dice_fg": 0.6090071487096318,
      "mean_iou_fg": 0.47532572498921893,
      "mean_recall_fg": 0.6666390342805887,
      "mean_precision_fg": 0.5868340407304956,
      "combined_score": 0.5421664368494253,
      "num_active_classes": 4,
      "patient_id": "015"
    },
    {
      "dice_class_0": 0.999317131954208,
      "iou_class_0": 0.9986351958895324,
      "recall_class_0": 0.9992932389072466,
      "precision_class_0": 0.9993410261437602,
      "dice_class_1": 0.7905405407764183,
      "iou_class_1": 0.6536312855612081,
      "recall_class_1": 0.8013698634671921,
      "precision_class_1": 0.7800000004888888,
      "dice_class_2": 0.6939393941712579,
      "iou_class_2": 0.5313225063441734,
      "recall_class_2": 0.6273972607843873,
      "precision_class_2": 0.7762711868198794,
      "dice_class_3": 0.6863711004216986,
      "iou_class_3": 0.522500000596875,
      "recall_class_3": 0.6818923333084954,
      "precision_class_3": 0.690909091419985,
      "dice_class_4": 0.7989002357427729,
      "iou_class_4": 0.665140614999908,
      "recall_class_4": 0.8618644068967249,
      "precision_class_4": 0.7445095170245172,
      "mean_dice_fg": 0.742437817778037,
      "mean_iou_fg": 0.5931486018755411,
      "mean_recall_fg": 0.7431309661141999,
      "mean_precision_fg": 0.7479224489383176,
      "combined_score": 0.667793209826789,
      "num_active_classes": 4,
      "patient_id": "023"
    },
    {
      "dice_class_0": 0.9993037827802278,
      "iou_class_0": 0.9986085343228214,
      "recall_class_0": 0.9992583590116564,
      "precision_class_0": 0.9993492106786878,
      "dice_class_1": 0.7351351354930606,
      "iou_class_1": 0.5811965820914603,
      "recall_class_1": 0.721485411879349,
      "precision_class_1": 0.7493112954564427,
      "dice_class_2": 0.6517766500997192,
      "iou_class_2": 0.4834337357177203,
      "recall_class_2": 0.5651408458360196,
      "precision_class_2": 0.7697841732139469,
      "dice_class_3": 0.7145242072499797,
      "iou_class_3": 0.5558441564209816,
      "recall_class_3": 0.7241962779624428,
      "precision_class_3": 0.7051070845055897,
      "dice_class_4": 0.8519706691448279,
      "iou_class_4": 0.7421157685660217,
      "recall_class_4": 0.902427184513385,
      "precision_class_4": 0.8068576389727181,
      "mean_dice_fg": 0.7383516654968969,
      "mean_iou_fg": 0.5906475606990459,
      "mean_recall_fg": 0.7283124300477991,
      "mean_precision_fg": 0.7577650480371744,
      "combined_score": 0.6644996130979715,
      "num_active_classes": 4,
      "patient_id": "027"
    }
  ],
  "aggregate_mean": {
    "dice_class_0": 0.9992647794759792,
    "iou_class_0": 0.9985306577462696,
    "recall_class_0": 0.9991839108452301,
    "precision_class_0": 0.9993456701365003,
    "dice_class_1": 0.7701179704435313,
    "iou_class_1": 0.626637901968538,
    "recall_class_1": 0.771553742345112,
    "precision_class_1": 0.7689108571371455,
    "dice_class_2": 0.6784517187104419,
    "iou_class_2": 0.5142172312808868,
    "recall_class_2": 0.6549081695663086,
    "precision_class_2": 0.7156259550101228,
    "dice_class_3": 0.7351574597729098,
    "iou_class_3": 0.5827345281074234,
    "recall_class_3": 0.741564575535885,
    "precision_class_3": 0.7304170875915375,
    "dice_class_4": 0.6467199849617193,
    "iou_class_4": 0.5267744773666504,
    "recall_class_4": 0.7271930286874743,
    "precision_class_4": 0.6030032230988367,
    "mean_dice_fg": 0.7076117834721506,
    "mean_iou_fg": 0.5625910346808747,
    "mean_recall_fg": 0.723804879033695,
    "mean_precision_fg": 0.7044892807094105,
    "combined_score": 0.6351014090765126
  },
  "aggregate_std": {
    "dice_class_0": 9.626240497827243e-05,
    "iou_class_0": 0.00019222175918583533,
    "recall_class_0": 0.00016149474054417162,
    "precision_class_0": 3.70683975820172e-05,
    "dice_class_1": 0.020967702539271906,
    "iou_class_1": 0.027316026704277113,
    "recall_class_1": 0.030108020763446316,
    "precision_class_1": 0.011692067339315755,
    "dice_class_2": 0.0310385644606627,
    "iou_class_2": 0.035803066886472,
    "recall_class_2": 0.07700401356970625,
    "precision_class_2": 0.05850314941873551,
    "dice_class_3": 0.038936765111848896,
    "iou_class_3": 0.049067288444195264,
    "recall_class_3": 0.05697380111895696,
    "precision_class_3": 0.034026392481732594,
    "dice_class_4": 0.26630485698959877,
    "iou_class_4": 0.24901605263199175,
    "recall_class_4": 0.203446922888105,
    "precision_class_4": 0.2768032810405014,
    "mean_dice_fg": 0.0569478356143613,
    "mean_iou_fg": 0.05039112036450855,
    "mean_recall_fg": 0.034542674567297954,
    "mean_precision_fg": 0.06893157957389334,
    "combined_score": 0.05366872766368304
  }
}