{
  "checkpoint": "5_HierarchicalSeg/checkpoints/stage2_level1_v1/swinunetr_level1_best_fold_1.pth",
  "checkpoint_epoch": 126,
  "fold": "fold_1",
  "split": "val",
  "collection": "HierarchicalPatients3D_Level1_CTA41_Test",
  "num_patients": 5,
  "class_names": {
    "0": "BG",
    "1": "CoW",
    "2": "Ant/Mid",
    "3": "Post",
    "4": "Vein"
  },
  "per_patient": [
    {
      "dice_class_0": 0.9989541151546038,
      "iou_class_0": 0.997910415773684,
      "recall_class_0": 0.9987474959494721,
      "precision_class_0": 0.9991608198674946,
      "dice_class_1": 0.6713043481119092,
      "iou_class_1": 0.5052356027418382,
      "recall_class_1": 0.6097946293684129,
      "precision_class_1": 0.7466150875307251,
      "dice_class_2": 0.6608927384004711,
      "iou_class_2": 0.49353233881240566,
      "recall_class_2": 0.654353562461275,
      "precision_class_2": 0.667563930460883,
      "dice_class_3": 0.6337115075901851,
      "iou_class_3": 0.46381969221373703,
      "recall_class_3": 0.7391304352757458,
      "precision_class_3": 0.5546099297097732,
      "dice_class_4": 0.8011017116267751,
      "iou_class_4": 0.6681982278739094,
      "recall_class_4": 0.8671209540599997,
      "precision_class_4": 0.7444241317205031,
      "mean_dice_fg": 0.6917525764323351,
      "mean_iou_fg": 0.5326964654104726,
      "mean_recall_fg": 0.7175998952913584,
      "mean_precision_fg": 0.6783032698554712,
      "combined_score": 0.6122245209214039,
      "num_active_classes": 4,
      "patient_id": "011"
    },
    {
      "dice_class_0": 0.9989760467742604,
      "iou_class_0": 0.9979541883639459,
      "recall_class_0": 0.9987760988774215,
      "precision_class_0": 0.9991760747434343,
      "dice_class_1": 0.6054421772062566,
      "iou_class_1": 0.4341463421534801,
      "recall_class_1": 0.680688337130615,
      "precision_class_1": 0.5451761109568513,
      "dice_class_2": 0.6253521128871256,
      "iou_class_2": 0.4549180332336737,
      "recall_class_2": 0.6793145658759919,
      "precision_class_2": 0.5793319419839958,
      "dice_class_3": 0.7411121240924741,
      "iou_class_3": 0.5887038380965214,
      "recall_class_3": 0.7513863218563896,
      "precision_class_3": 0.731115108155472,
      "dice_class_4": 0.8157174832589611,
      "iou_class_4": 0.6887862244062217,
      "recall_class_4": 0.8401639345081128,
      "precision_class_4": 0.792653455875953,
      "mean_dice_fg": 0.6969059743612043,
      "mean_iou_fg": 0.5416386094724742,
      "mean_recall_fg": 0.7378882898427773,
      "mean_precision_fg": 0.662069154243068,
      "combined_score": 0.6192722919168392,
      "num_active_classes": 4,
      "patient_id": "014"
    },
    {
      "dice_class_0": 0.9991696108172545,
      "iou_class_0": 0.9983405995826662,
      "recall_class_0": 0.9989010820850567,
      "precision_class_0": 0.99943828396229,
      "dice_class_1": 0.668144863512088,
      "iou_class_1": 0.5016648174232355,
      "recall_class_1": 0.8233151187189159,
      "precision_class_1": 0.5621890552709091,
      "dice_class_2": 0.7027932962554228,
      "iou_class_2": 0.5417743328666887,
      "recall_class_2": 0.785268414749977,
      "precision_class_2": 0.6359959558786694,
      "dice_class_3": 0.7048748355040351,
      "iou_class_3": 0.5442522893751248,
      "recall_class_3": 0.6984334207592253,
      "precision_class_3": 0.7114361705964944,
      "dice_class_4": 0.7926509187440153,
      "iou_class_4": 0.6565217394291115,
      "recall_class_4": 0.8521444696928392,
      "precision_class_4": 0.7409224732670044,
      "mean_dice_fg": 0.7171159785038903,
      "mean_iou_fg": 0.5610532947735402,
      "mean_recall_fg": 0.7897903559802394,
      "mean_precision_fg": 0.6626359137532694,
      "combined_score": 0.6390846366387153,
      "num_active_classes": 4,
      "patient_id": "018"
    },
    {
      "dice_class_0": 0.9989461582219552,
      "iou_class_0": 0.9978945352706055,
      "recall_class_0": 0.999142955748141,
      "precision_class_0": 0.9987494382054786,
      "dice_class_1": 0.7543035995021891,
      "iou_class_1": 0.6055276385213336,
      "recall_class_1": 0.682075471998042,
      "precision_class_1": 0.8436406069502443,
      "dice_class_2": 0.6814602721254617,
      "iou_class_2": 0.5168295333784856,
      "recall_class_2": 0.6918604653402176,
      "precision_class_2": 0.671368124350234,
      "dice_class_3": 0.7622114869768054,
      "iou_class_3": 0.6157849092664485,
      "recall_class_3": 0.7357512956106205,
      "precision_class_3": 0.7906458799658732,
      "dice_class_4": 0.8332060097190715,
      "iou_class_4": 0.7140986470038855,
      "recall_class_4": 0.7961070560602886,
      "precision_class_4": 0.8739316239989682,
      "mean_dice_fg": 0.7577953420808818,
      "mean_iou_fg": 0.6130601820425383,
      "mean_recall_fg": 0.7264485722522921,
      "mean_precision_fg": 0.7948965588163299,
      "combined_score": 0.6854277620617101,
      "num_active_classes": 4,
      "patient_id": "021"
    },
    {
      "dice_class_0": 0.9986510884081363,
      "iou_class_0": 0.9973058110389941,
      "recall_class_0": 0.9982016216081508,
      "precision_class_0": 0.999100960159199,
      "dice_class_1": 0.7041453721157608,
      "iou_class_1": 0.5433829977709176,
      "recall_class_1": 0.7184241022961482,
      "precision_class_1": 0.6904231629282593,
      "dice_class_2": 0.6926091826168507,
      "iou_class_2": 0.5297644541628419,
      "recall_class_2": 0.7878980893070713,
      "precision_class_2": 0.617882118072986,
      "dice_class_3": 0.6981450254223672,
      "iou_class_3": 0.536269430352157,
      "recall_class_3": 0.726315789713758,
      "precision_class_3": 0.6720779223440926,
      "dice_class_4": 0.7897587395889318,
      "iou_class_4": 0.652563059539234,
      "recall_class_4": 0.8712656165826912,
      "precision_class_4": 0.7221972085897357,
      "mean_dice_fg": 0.7211645799359776,
      "mean_iou_fg": 0.5654949854562876,
      "mean_recall_fg": 0.7759758994749172,
      "mean_precision_fg": 0.6756451029837683,
      "combined_score": 0.6433297826961326,
      "num_active_classes": 4,
      "patient_id": "022"
    }
  ],
  "aggregate_mean": {
    "dice_class_0": 0.998939403875242,
    "iou_class_0": 0.997881110005979,
    "recall_class_0": 0.9987538508536484,
    "precision_class_0": 0.9991251153875794,
    "dice_class_1": 0.6806680720896408,
    "iou_class_1": 0.517991479722161,
    "recall_class_1": 0.7028595319024268,
    "precision_class_1": 0.6776088047273979,
    "dice_class_2": 0.6726215204570664,
    "iou_class_2": 0.5073637384908191,
    "recall_class_2": 0.7197390195469066,
    "precision_class_2": 0.6344284141493536,
    "dice_class_3": 0.7080109959171733,
    "iou_class_3": 0.5497660318607978,
    "recall_class_3": 0.7302034526431479,
    "precision_class_3": 0.691977002154341,
    "dice_class_4": 0.8064869725875511,
    "iou_class_4": 0.6760335796504725,
    "recall_class_4": 0.8453604061807862,
    "precision_class_4": 0.7748257786904329,
    "mean_dice_fg": 0.7169468902628578,
    "mean_iou_fg": 0.5627887074310627,
    "mean_recall_fg": 0.7495406025683169,
    "mean_precision_fg": 0.6947099999303814,
    "combined_score": 0.6398677988469602
  },
  "aggregate_std": {
    "dice_class_0": 0.00016596733998686694,
    "iou_class_0": 0.0003312035883417641,
    "recall_class_0": 0.00030937748895865964,
    "precision_class_0": 0.00022075463403096622,
    "dice_class_1": 0.048737705843945114,
    "iou_class_1": 0.05615440798264301,
    "recall_class_1": 0.06976592198807385,
    "precision_class_1": 0.11256355638990906,
    "dice_class_2": 0.027422353819611497,
    "iou_class_2": 0.030715930582543637,
    "recall_class_2": 0.05590414772410967,
    "precision_class_2": 0.03398341647611277,
    "dice_class_3": 0.043956716799998886,
    "iou_class_3": 0.051911420391976125,
    "recall_class_3": 0.017796810824289588,
    "precision_class_3": 0.07862783730421272,
    "dice_class_4": 0.016120672897392073,