{
  "fold": "fold_1",
  "strategies": [
    {
      "strategy": "directfiles",
      "best_combined": 0.002400134833387602,
      "best_epoch": 1,
      "train_slices": 3072,
      "val_slices": 768,
      "epochs": [
        {
          "epoch": 1,
          "train_loss": 2.212291129709532,
          "val_loss": 2.277933542461445,
          "dice_fg": 0.0031686346892544895,
          "iou_fg": 0.0016316349775207142,
          "combined_score": 0.002400134833387602,
          "lr": 0.00015025000000000002,
          "per_class": {
            "dice_class_0": 0.0,
            "dice_class_1": 0.0006949282831977498,
            "dice_class_2": 0.0,
            "dice_class_3": 0.0,
            "dice_class_4": 0.0,
            "dice_class_5": 0.0,
            "dice_class_6": 0.0,
            "dice_class_7": 0.0,
            "dice_class_8": 0.0,
            "dice_class_9": 0.0,
            "dice_class_10": 0.0,
            "dice_class_11": 0.0,
            "dice_class_12": 0.0,
            "dice_class_13": 0.0,
            "dice_class_14": 0.0,
            "dice_class_15": 0.0,
            "dice_class_16": 0.0,
            "dice_class_17": 0.0,
            "dice_class_18": 0.0,
            "dice_class_19": 0.0,
            "dice_class_20": 0.0,
            "dice_class_21": 3.030206614638019e-06,
            "dice_class_22": 0.0,
            "dice_class_23": 0.0006468682731853726,
            "dice_class_24": 0.035274728872816706,
            "dice_class_25": 0.0,
            "dice_class_26": 0.0,
            "dice_class_27": 0.0,
            "dice_class_28": 0.0,
            "dice_class_29": 7.949131915049217e-05,
            "dice_class_30": 0.0001709591664031046,
            "dice_class_31": 0.0,
            "dice_class_32": 0.0,
            "dice_class_33": 0.0,
            "dice_class_34": 0.0,
            "dice_class_35": 0.0,
            "dice_class_36": 0.0002581977794990963,
            "dice_class_37": 0.0,
            "dice_class_38": 0.0,
            "dice_class_39": 0.0,
            "dice_class_40": 0.07060537553378549,
            "iou_class_0": 0.0,
            "iou_class_1": 0.00034758491489296094,
            "iou_class_2": 0.0,
            "iou_class_3": 0.0,
            "iou_class_4": 0.0,
            "iou_class_5": 0.0,
            "iou_class_6": 0.0,
            "iou_class_7": 0.0,
            "iou_class_8": 0.0,
            "iou_class_9": 0.0,
            "iou_class_10": 0.0,
            "iou_class_11": 0.0,
            "iou_class_12": 0.0,
            "iou_class_13": 0.0,
            "iou_class_14": 0.0,
            "iou_class_15": 0.0,
            "iou_class_16": 0.0,
            "iou_class_17": 0.0,
            "iou_class_18": 0.0,
            "iou_class_19": 0.0,
            "iou_class_20": 0.0,
            "iou_class_21": 1.5151056028605193e-06,
            "iou_class_22": 0.0,
            "iou_class_23": 0.0003235387800786753,
            "iou_class_24": 0.017954026138514125,
            "iou_class_25": 0.0,
            "iou_class_26": 0.0,
            "iou_class_27": 0.0,
            "iou_class_28": 0.0,
            "iou_class_29": 3.9747239355490564e-05,
            "iou_class_30": 8.548689058532874e-05,
            "iou_class_31": 0.0,
            "iou_class_32": 0.0,
            "iou_class_33": 0.0,
            "iou_class_34": 0.0,
            "iou_class_35": 0.0,
            "iou_class_36": 0.0001291155584247902,
            "iou_class_37": 0.0,
            "iou_class_38": 0.0,
            "iou_class_39": 0.0,
            "iou_class_40": 0.03659457460825005
          },
          "elapsed_sec": 623.931611
        },
        {
          "epoch": 2,
          "train_loss": 1.981586876946191,
          "val_loss": 2.1743656244749823,
          "dice_fg": 0.0025174342062268622,
          "iou_fg": 0.0012806963689638313,
          "combined_score": 0.0018990652875953468,
          "lr": 5.075000000000003e-05,
          "per_class": {
            "dice_class_0": 0.0,
            "dice_class_1": 0.0010091593360943359,
            "dice_class_2": 0.0,
            "dice_class_3": 0.0,
            "dice_class_4": 0.0,
            "dice_class_5": 0.0,
            "dice_class_6": 0.0,
            "dice_class_7": 0.0,
            "dice_class_8": 0.0,
            "dice_class_9": 0.0,
            "dice_class_10": 0.0,
            "dice_class_11": 0.0,
            "dice_class_12": 0.0,
            "dice_class_13": 0.0,
            "dice_class_14": 0.0,
            "dice_class_15": 0.0,
            "dice_class_16": 0.0,
            "dice_class_17": 0.0,
            "dice_class_18": 0.0,
            "dice_class_19": 0.0,
            "dice_class_20": 0.026380873866446827,
            "dice_class_21": 3.627301976516847e-05,
            "dice_class_22": 0.0,
            "dice_class_23": 0.0002982508357172902,
            "dice_class_24": 0.008278691699126947,
            "dice_class_25": 0.0,
            "dice_class_26": 0.0,
            "dice_class_27": 0.0,
            "dice_class_28": 0.0,
            "dice_class_29": 0.0003157914476632936,
            "dice_class_30": 0.0012117425425766568,
            "dice_class_31": 0.0,
            "dice_class_32": 0.0,
            "dice_class_33": 0.0,
            "dice_class_34": 0.0,
            "dice_class_35": 0.0,
            "dice_class_36": 0.0015723236666931584,
            "dice_class_37": 2.8768285841688125e-05,
            "dice_class_38": 0.0,
            "dice_class_39": 0.0,
            "dice_class_40": 0.04646088831178794,
            "iou_class_0": 0.0,
            "iou_class_1": 0.0005048343972197358,
            "iou_class_2": 0.0,
            "iou_class_3": 0.0,
            "iou_class_4": 0.0,
            "iou_class_5": 0.0,
            "iou_class_6": 0.0,
            "iou_class_7": 0.0,
            "iou_class_8": 0.0,
            "iou_class_9": 0.0,
            "iou_class_10": 0.0,
            "iou_class_11": 0.0,
            "iou_class_12": 0.0,
            "iou_class_13": 0.0,
            "iou_class_14": 0.0,
            "iou_class_15": 0.0,
            "iou_class_16": 0.0,
            "iou_class_17": 0.0,
            "iou_class_18": 0.0,
            "iou_class_19": 0.0,
            "iou_class_20": 0.013366750208855471,
            "iou_class_21": 1.8136838821540762e-05,
            "iou_class_22": 0.0,
            "iou_class_23": 0.00014914765956570048,
            "iou_class_24": 0.0041565512527400005,
            "iou_class_25": 0.0,
            "iou_class_26": 0.0,
            "iou_class_27": 0.0,
            "iou_class_28": 0.0,
            "iou_class_29": 0.00015792065882838047,
            "iou_class_30": 0.000606238573823755,
            "iou_class_31": 0.0,
            "iou_class_32": 0.0,
            "iou_class_33": 0.0,
            "iou_class_34": 0.0,
            "iou_class_35": 0.0,
            "iou_class_36": 0.0007867803700447347,
            "iou_class_37": 1.4384349827387801e-05,
            "iou_class_38": 0.0,
            "iou_class_39": 0.0,
            "iou_class_40": 0.02378293223504356
          },
          "elapsed_sec": 389.83269870000004
        },
        {
          "epoch": 3,
          "train_loss": 1.8962175565538928,
          "val_loss": 2.2485327878966928,
          "dice_fg": 0.0020601081182520936,
          "iou_fg": 0.0010429684362498538,
          "combined_score": 0.0015515382772509738,
          "lr": 1e-06,
          "per_class": {
            "dice_class_0": 0.0,
            "dice_class_1": 0.0015678507638347016,
            "dice_class_2": 0.0,
            "dice_class_3": 0.0,
            "dice_class_4": 0.0,
            "dice_class_5": 0.0,
            "dice_class_6": 0.0,
            "dice_class_7": 0.0,
            "dice_class_8": 0.0,
            "dice_class_9": 0.0,
            "dice_class_10": 0.0,
            "dice_class_11": 0.0,
            "dice_class_12": 0.0,
            "dice_class_13": 0.0,
            "dice_class_14": 0.0,
            "dice_class_15": 0.0,
            "dice_class_16": 0.0,
            "dice_class_17": 0.0,